Country,Dimension 1: Political Rights and Safety,Dimension 2: Financial and Health Protections,Dimension 3: Protection for the Most Vulnerable,Dimension 4: Conflict,Mean Vulnerability ,POPULATION,EST_PROP_SLAVERY,EST_POP_SLAVERY,GOVERNMENT RESPONSE RANK,Milestone 1: Victims are supported to exit slavery (/32),EXIT_SLAVERY,Milestone 2: Criminal justice responses (/21),Milestone 2: Criminal justice responses (%),Milestone 3: Coordination and accountability (/14),Milestone 3: Coordination and accountability (%),Milestone 4: Addressing risk (/25),Milestone 4: Addressing risk (%),Milestone 5: Investigating supply chains (/7),Milestone 5: Investigating supply chains (%),Total score (/100),Corruption or state sanctioned forced labour score (/-2),Total score (AA - AC),CREDIT rating,EUROPE,AMERICAS,ASIA,SUBSAHARAN AFRICA,RUSSIA AND EURASIA,MIDDLE EAST AND NORTH AFRICA,GEOGRAPHIC_REGION
Afghanistan,83,47.39,53.31,84.55,67.06,"32,527,000",1.13,"367,600",0,no data,no data,no data,no data,no data,no data,no data,no data,no data,no data,no data,no data,no data,no data,0,0,1,0,0,0,Asia
Albania,52.88,29.58,42.36,18.25,35.77,"2,906,000",0.29,"8,600",28,23.7,73.7,9.9,46.3,6.3,43.8,15.5,61.9,0,0,55.3,-1,54.3,BB,1,0,0,0,0,0,Europe
Algeria,51.03,28.1,47.02,51.46,44.4,"39,667,000",0.63,"248,300",127,9.2,28.5,5.2,24.1,3.6,25,10.7,42.9,0,0,28.6,-1,27.6,CC,0,0,0,0,0,1,Middle East & North Africa
Angola,56.32,49.54,45.95,25.02,44.21,"25,022,000",0.64,"159,700",146,6.5,20.4,4.4,20.4,4.5,31.3,7.1,28.6,0,0,22.5,-1,21.5,CC,0,0,0,1,0,0,Sub-Saharan Africa
Argentina,35.63,18.5,34.04,25.36,28.38,"43,417,000",0.4,"175,500",12,15.8,49.3,12.8,59.8,12.5,87.5,19.6,78.6,0,0,60.8,-1,59.8,BB,0,1,0,0,0,0,Americas
Armenia,53.66,27.38,42.63,24.9,37.14,"3,018,000",0.47,"14,100",58,15.5,48.3,10.7,49.8,8,56.3,12.5,50,0,0,46.7,-1,45.7,B,0,0,0,0,1,0,Russia & Eurasia
Australia,15.14,19.85,17.45,35.49,21.98,"23,772,000",0.02,"4,300",5,20.7,64.4,17.5,81.9,8,56.3,17.3,69,1.8,25,65.3,0,65.3,BBB,0,0,1,0,0,0,Asia
Austria,21.47,18.14,14.05,33.14,21.7,"8,566,000",0.02,"1,500",11,18.6,58,12.7,59.1,9.8,68.8,19,76.2,0,0,60.2,0,60.2,BBB,1,0,0,0,0,0,Europe
Azerbaijan,68.9,28.23,28.17,23.05,37.09,"9,635,000",0.47,"45,000",81,9.1,28.3,12.9,60.4,2.7,18.8,14.3,57.1,0,0,39,-1,38,CCC,0,0,0,0,1,0,Russia & Eurasia
Bahrain,54.41,33.14,41.45,31.26,40.07,"1,377,000",0.47,"6,400",111,11.8,36.7,7.9,36.7,3.6,25,8.9,35.7,0,0,32.1,-1,31.1,CCC,0,0,0,0,0,1,Middle East & North Africa
Bangladesh,46.78,46.04,33.63,50.02,44.12,"160,996,000",0.95,"1,531,300",43,12.7,39.4,12.9,60.4,9.8,68.8,14.9,59.5,0,0,50.3,-1,49.3,B,0,0,1,0,0,0,Asia
Barbados,39.7,15.41,67,1,30.78,"284,000",0.21,600,94,12.7,39.4,6.3,29.3,7.1,50,9.5,38.1,0,0,35.6,-1,34.6,CCC,0,1,0,0,0,0,Americas
Belarus,58.41,20.48,35.88,23.8,34.64,"9,550,000",0.47,"44,600",97,11.4,35.4,5.6,26.1,6.3,43.8,13.1,52.4,0,0,36.3,-2,34.3,CCC,0,0,0,0,1,0,Russia & Eurasia
Belgium,25.42,19.83,24.03,31.28,25.14,"11,268,000",0.02,"2,000",9,22.9,71.3,10.9,50.7,10.7,75,17.9,71.4,0,0,62.4,0,62.4,BBB,1,0,0,0,0,0,Europe
Benin,46.95,36.52,39.7,14.9,34.52,"10,880,000",0.29,"32,100",71,12.4,38.7,4.4,20.6,8,56.3,16.7,66.7,0,0,41.5,-1,40.5,B,0,0,0,1,0,0,Sub-Saharan Africa
Bolivia,49.71,32.08,38.69,16.57,34.26,"10,725,000",0.44,"46,900",92,5.7,17.6,7.9,36.7,7.1,50,14.3,57.1,0,0,34.9,0,34.9,CCC,0,1,0,0,0,0,Americas
Bosnia and Herzegovina,58.88,25.21,32.99,26.43,35.88,"3,810,000",0.47,"17,800",46,18.5,57.4,9.4,43.7,4.5,31.3,17.3,69,0,0,49.5,-1,48.5,B,1,0,0,0,0,0,Europe
Botswana,37.25,42.82,46.38,19.21,36.42,"2,262,000",0.52,"11,800",131,8,24.8,3.2,14.8,5.4,37.5,10.7,42.9,0,0,27.2,-1,26.2,CC,0,0,0,1,0,0,Sub-Saharan Africa
Brazil,37.98,20.46,45.88,30.74,33.77,"207,848,000",0.08,"161,100",17,14.6,45.6,7.4,34.4,12.5,87.5,19.6,78.6,2.7,37.5,56.8,0,56.8,BB,0,1,0,0,0,0,Americas
Brunei,60.78,30.99,100,63.93,63.93,"423,000",0.81,"3,400",149,2.4,7.4,7.7,35.7,1.8,12.5,7.7,31,0,0,19.6,0,19.6,C,0,0,1,0,0,0,Asia
Bulgaria,40.41,20.54,33.79,30.5,31.31,"7,176,000",0.4,"29,000",61,13.9,43.1,8.3,38.5,6.3,43.8,17.9,71.4,0,0,46.2,-1,45.2,B,1,0,0,0,0,0,Europe
Burkina Faso,59.55,40.77,40.73,25.98,41.76,"18,106,000",0.64,"115,600",82,15.2,47.4,6.5,30.6,5.4,37.5,10.7,42.9,0,0,37.9,0,37.9,CCC,0,0,0,1,0,0,Sub-Saharan Africa
Burundi,64.08,52.22,51.4,37.17,51.22,"11,179,000",0.64,"71,400",137,9.5,29.6,3.2,14.8,2.7,18.8,9.5,38.1,0,0,24.9,-1,23.9,CC,0,0,0,1,0,0,Sub-Saharan Africa
Cambodia,53.68,42.96,57.4,12,41.51,"15,578,000",1.65,"256,800",89,8.1,25.2,7.1,33.3,5.4,37.5,16.1,64.3,0,0,36.7,-1,35.7,CCC,0,0,1,0,0,0,Asia
Cameroon,61.31,43.37,47.95,52.51,51.29,"23,344,000",0.63,"146,100",98,9.8,30.4,7.3,33.9,5.4,37.5,11.9,47.6,0,0,34.3,0,34.3,CCC,0,0,0,1,0,0,Sub-Saharan Africa
Canada,17.59,23.64,15.48,36.11,23.21,"35,871,000",0.02,"6,500",16,18.5,57.4,14.7,68.5,8.9,62.5,16.1,64.3,0,0,58.1,0,58.1,BB,0,1,0,0,0,0,Americas
Cape Verde,33.33,20.3,55.4,36.34,36.34,"521,000",0.45,"2,400",150,4.9,15.2,3.3,15.4,3.6,25,7.7,31,0,0,19.5,0,19.5,C,0,0,0,1,0,0,Sub-Saharan Africa
Central African Republic,83.67,48.67,85.43,62.21,70,"4,900,000",1.13,"55,400",156,4.8,14.8,3.7,17.2,1.8,12.5,1.8,7.1,0,0,12,-1,11,C,0,0,0,1,0,0,Sub-Saharan Africa
Chad,70.47,49.96,47.98,40.94,52.34,"14,037,000",0.64,"89,600",121,8.6,26.9,2.6,12,4.5,31.3,13.1,52.4,0,0,28.8,0,28.8,CC,0,0,0,1,0,0,Sub-Saharan Africa
Chile,31.23,19.73,34.26,31.37,29.15,"17,948,000",0.15,"27,700",44,14.3,44.6,11.3,52.6,7.1,50,17.3,69,0,0,50,-1,49,B,0,1,0,0,0,0,Americas
China,55.12,26.9,43.84,52.78,44.66,"1,371,738,000",0.25,"3,388,400",107,11.4,35.6,5.1,23.7,4.5,31.3,13.1,52.4,0,0,34.1,-2,32.1,CCC,0,0,1,0,0,0,Asia
Colombia,51.72,26.54,46.78,43.49,42.13,"48,229,000",0.64,"308,200",48,14.2,44.1,9,41.9,6.3,43.8,18.5,73.8,0,0,47.8,0,47.8,B,0,1,0,0,0,0,Americas
Costa Rica,36.35,24.4,33.82,23.97,29.64,"4,808,000",0.4,"19,400",38,18.2,56.5,9.8,45.6,5.4,37.5,17.9,71.4,0,0,51.1,0,51.1,BB,0,1,0,0,0,0,Americas
Croatia,36.51,25.29,36.88,16.54,28.8,"4,225,000",0.4,"17,100",7,22.4,69.6,15,70.2,8,56.3,19,76.2,0,0,64.5,0,64.5,BBB,1,0,0,0,0,0,Europe
Cuba,53.6,26.6,34,13.99,32.05,"11,390,000",0.33,"37,800",143,8,25,3.8,17.8,1.8,12.5,9.5,38.1,0,0,23.2,-1,22.2,CC,0,1,0,0,0,0,Americas
Cyprus,27.6,23.25,28.95,30.9,27.67,"1,165,000",0.4,"4,700",39,17.4,54.3,16,74.4,2.7,18.8,15.5,61.9,0,0,51.5,-1,50.5,BB,1,0,0,0,0,0,Europe
Czech Republic,27.22,19.38,31.55,27.78,26.48,"10,549,000",0.4,"42,600",32,17.6,54.8,10.9,50.7,8,56.3,16.7,66.7,0,0,53.2,0,53.2,BB,1,0,0,0,0,0,Europe
Democratic Republic of the Congo,78.42,56.33,56.72,82.43,68.48,"77,267,000",1.13,"873,100",153,2.5,7.8,2.5,11.7,4.5,31.3,6.5,26.2,0,0,16,-1,15,C,0,0,0,1,0,0,Sub-Saharan Africa
Denmark,15.68,18.53,11.06,23.92,17.3,"5,660,000",0.02,"1,000",14,19.2,59.8,14.7,68.5,7.1,50,17.3,69,0,0,58.3,0,58.3,BB,1,0,0,0,0,0,Europe
Djibouti,49.13,43.61,55.25,32.42,45.1,"888,000",0.52,"4,600",96,8,25,6.2,28.9,5.4,37.5,14.9,59.5,0,0,34.5,0,34.5,CCC,0,0,0,1,0,0,Sub-Saharan Africa
Dominican Republic,47.97,33.84,46.38,24.33,38.13,"10,528,000",1,"104,800",35,15.8,49.3,12.7,59.1,8.9,62.5,16.1,64.3,0,0,53.5,-1,52.5,BB,0,1,0,0,0,0,Americas
Ecuador,43.69,29.23,37.74,29.98,35.16,"16,144,000",0.4,"65,300",59,12,37.2,13.3,62.2,3.6,25,17.9,71.4,0,0,46.7,-1,45.7,B,0,1,0,0,0,0,Americas
Egypt,51.25,27.9,62.96,54.85,49.24,"91,508,000",0.63,"572,900",79,11.5,35.7,6.9,32,7.1,50,13.1,52.4,0,0,38.6,0,38.6,CCC,0,0,0,0,0,1,Middle East & North Africa
El Salvador,49.88,29.58,53.68,8.78,35.48,"6,127,000",0.29,"18,100",85,10.6,33,6.2,28.9,7.1,50,14.3,57.1,0,0,38.2,-1,37.2,CCC,0,1,0,0,0,0,Americas
Equatorial Guinea,56.66,40.62,46.38,1,36.16,"845,000",0.29,"2,500",158,0,0,4,18.5,0,0,6,23.8,0,0,9.9,-1,8.9,D,0,0,0,1,0,0,Sub-Saharan Africa
Eritrea,59.44,51.05,62.88,24.82,49.55,"5,228,000",0.67,"35,300",159,0,0,0.6,3,0,0,6.5,26.2,0,0,7.2,-2,5.2,D,0,0,0,1,0,0,Sub-Saharan Africa
Estonia,35.94,16.87,39.31,11.14,25.81,"1,310,000",0.4,"5,300",77,9.7,30.2,5,23.3,4.5,31.3,20.2,81,0,0,39.4,0,39.4,CCC,1,0,0,0,0,0,Europe
Ethiopia,59.75,54.68,34.16,59.77,52.09,"99,391,000",0.41,"411,600",91,6.8,21.3,7.1,33.3,8.9,62.5,13.1,52.4,0,0,36,-1,35,CCC,0,0,0,1,0,0,Sub-Saharan Africa
Finland,22.07,19.69,19.08,22.66,20.87,"5,485,000",0.12,"6,700",25,17,52.8,13.3,62,8,56.3,16.7,66.7,0,0,55,0,55,BB,1,0,0,0,0,0,Europe
France,26.13,20.27,18.01,44.77,27.3,"66,389,000",0.02,"12,000",20,16.9,52.6,16.5,76.9,6.3,43.8,17.3,69,0,0,56.9,-1,55.9,BB,1,0,0,0,0,0,Europe
Gabon,51.58,31.51,42.38,16.97,35.61,"1,725,000",0.29,"5,100",119,9.6,30,5.2,24.3,3.6,25,11.3,45.2,0,0,29.7,0,29.7,CC,0,0,0,1,0,0,Sub-Saharan Africa
Gambia,59.3,29.27,74.18,22.63,46.35,"1,991,000",0.88,"17,500",109,7.3,22.6,7.5,35.2,5.4,37.5,11.3,45.2,0,0,31.5,0,31.5,CCC,0,0,0,1,0,0,Sub-Saharan Africa
Georgia,51,28.43,35.95,24.42,34.95,"4,487,000",0.47,"20,900",18,21.7,67.6,12.6,58.7,8,56.3,14.9,59.5,0,0,57.2,0,57.2,BB,0,0,0,0,1,0,Russia & Eurasia
Germany,23.61,19.97,20.81,40.76,26.29,"80,738,000",0.02,"14,500",13,19.8,61.7,13.9,64.8,6.3,43.8,19.6,78.6,0,0,59.6,0,59.6,BB,1,0,0,0,0,0,Europe
Ghana,51.89,38.42,47.45,28.26,41.51,"27,410,000",0.38,"103,300",125,7.1,22,6.5,30.2,3.6,25,11.3,45.2,0,0,28.4,0,28.4,CC,0,0,0,1,0,0,Sub-Saharan Africa
Greece,37.64,22.74,38.1,38.77,34.31,"10,942,000",0.4,"44,200",84,17.3,53.9,7.9,36.9,2.7,18.8,9.5,38.1,0,0,37.4,0,37.4,CCC,1,0,0,0,0,0,Europe
Guatemala,48.75,34.25,57.12,20.33,40.11,"16,343,000",0.84,"138,100",53,12.1,37.6,11,51.5,8,56.3,16.1,64.3,0,0,47.2,0,47.2,B,0,1,0,0,0,0,Americas
Guinea,66.89,41.58,52.68,28.67,47.45,"12,609,000",0.64,"80,500",154,0.9,2.8,2.8,13,4.5,31.3,7.1,28.6,0,0,15.3,-1,14.3,C,0,0,0,1,0,0,Sub-Saharan Africa
Guinea-Bissau,62.08,40.5,70.25,22.47,48.82,"1,844,000",0.62,"11,400",148,4.8,14.8,6.9,32,3.6,25,5.4,21.4,0,0,20.6,0,20.6,CC,0,0,0,1,0,0,Sub-Saharan Africa
Guyana,39.35,25.57,83.5,5.81,38.56,"767,000",0.62,"4,800",93,8.3,25.7,10.9,50.7,3.6,25,13.1,52.4,0,0,35.8,-1,34.8,CCC,0,1,0,0,0,0,Americas
Haiti,57.68,56.2,58.13,2.6,43.65,"10,711,000",1,"106,600",108,10.8,33.5,8,37.2,7.1,50,7.1,28.6,0,0,33,-1,32,CCC,0,1,0,0,0,0,Americas
Honduras,53.76,34.82,60.12,16.38,41.27,"8,075,000",0.29,"23,800",100,7.9,24.6,6.8,31.7,5.4,37.5,14.9,59.5,0,0,34.9,-1,33.9,CCC,0,1,0,0,0,0,Americas
"Hong Kong, SAR China",42.28,17.55,21.44,35.65,29.23,"7,287,000",0.4,"29,500",157,1.9,5.9,1.1,5.2,0,0,7.7,31,0,0,10.8,0,10.8,C,0,0,1,0,0,0,Asia
Hungary,23.66,20.69,35.56,23.3,25.8,"9,836,000",0.23,"22,500",19,19.2,59.8,9,41.9,9.8,68.8,19,76.2,0,0,57.1,0,57.1,BB,1,0,0,0,0,0,Europe
Iceland,24.88,12.22,20.43,15.03,18.14,"331,000",0.12,400,65,14.6,45.4,11.2,52.2,5.4,37.5,11.3,45.2,0,0,42.4,0,42.4,B,1,0,0,0,0,0,Europe
India,37.07,36.68,43.88,87.78,51.35,"1,311,051,000",1.4,"18,354,700",73,14.2,44.1,9.6,45,6.3,43.8,11.3,45.2,0,0,41.4,-1,40.4,B,0,0,1,0,0,0,Asia
Indonesia,39.15,43.35,50.38,36.01,42.22,"257,564,000",0.29,"736,100",70,12.1,37.6,8.7,40.6,7.1,50,13.7,54.8,0,0,41.6,-1,40.6,B,0,0,1,0,0,0,Asia
Iran,70.71,32.99,48.6,51.44,50.94,"79,109,000",0.63,"495,300",160,0,0,1.6,7.4,0,0,4.2,16.7,0,0,5.8,-1,4.8,D,0,0,0,0,0,1,Middle East & North Africa
Iraq,71.22,44.91,58.04,81.13,63.83,"35,730,000",1.13,"403,800",0,no data,no data,no data,no data,no data,no data,no data,no data,no data,no data,no data,no data,no data,no data,0,0,0,0,0,1,Middle East & North Africa
Ireland,19.07,22.62,20.21,33.13,23.76,"4,659,000",0.02,800,22,22.4,69.6,15.3,71.3,2.7,18.8,15.5,61.9,0,0,55.8,0,55.8,BB,1,0,0,0,0,0,Europe
Israel,33.66,23.67,38.28,51.85,36.87,"8,343,000",0.14,"11,600",45,16,49.8,10.3,48,7.1,50,15.5,61.9,0,0,48.9,0,48.9,B,0,0,0,0,0,1,Middle East & North Africa
Italy,36.39,21.5,33.62,38.56,32.52,"61,373,000",0.21,"129,600",42,13.7,42.6,14.1,65.9,5.4,37.5,17.3,69,0,0,50.4,-1,49.4,B,1,0,0,0,0,0,Europe
Ivory Coast,62.07,38.72,46.22,33.45,45.11,"22,702,000",0.64,"144,900",103,12.2,38,6.5,30.2,7.1,50,7.7,31,0,0,33.6,0,33.6,CCC,0,0,0,1,0,0,Sub-Saharan Africa
Jamaica,43.21,30.91,46.13,8.68,32.24,"2,734,000",0.21,"5,800",33,15.4,47.8,13.3,61.9,11.6,81.3,13.7,54.8,0,0,53.9,-1,52.9,BB,0,1,0,0,0,0,Americas
Japan,25.23,19.09,22.16,19.13,21.4,"127,046,000",0.23,"290,200",115,13.7,42.6,4.2,19.4,2.7,18.8,11.3,45.2,0,0,31.8,-1,30.8,CCC,0,0,1,0,0,0,Asia
Jordan,48.39,27.97,54.16,37.73,42.06,"6,718,000",0.64,"42,900",66,14.5,45,9,42.2,8,56.3,10.7,42.9,0,0,42.3,0,42.3,B,0,0,0,0,0,1,Middle East & North Africa
Kazakhstan,59.05,22.08,28.19,22.12,32.86,"17,488,000",0.47,"81,600",106,12.3,38.3,9.4,44.1,2.7,18.8,8.9,35.7,0,0,33.4,-1,32.4,CCC,0,0,0,0,1,0,Russia & Eurasia
Kenya,54.53,52.84,46.75,72.28,56.6,"46,050,000",0.41,"188,800",138,7,21.9,5.9,27.4,0.9,6.3,10.7,42.9,0,0,24.5,-1,23.5,CC,0,0,0,1,0,0,Sub-Saharan Africa
Kosovo,55.11,39.25,42.13,15.94,38.11,"1,845,000",0.29,"5,400",49,16,48.1,12.8,59.9,6.5,43.8,12.3,47.6,0,0,47.7,0,47.7,B,1,0,0,0,0,0,Europe
Kuwait,59.29,27.97,41.3,15.89,36.11,"3,892,000",0.47,"18,200",134,4.8,14.8,7.1,33.3,3.6,25,11.3,45.2,0,0,26.8,-1,25.8,CC,0,0,0,0,0,1,Middle East & North Africa
Kyrgyzstan,54.16,28.33,36.37,21.88,35.18,"5,934,000",0.47,"27,700",104,9,28,7.7,35.7,5.4,37.5,12.5,50,0,0,34.5,-1,33.5,CCC,0,0,0,0,1,0,Russia & Eurasia
Laos,56.64,34.01,53.98,1.19,36.45,"6,802,000",0.29,"20,000",114,9.2,28.7,5.7,26.5,4.5,31.3,12.5,50,0,0,31.9,-1,30.9,CCC,0,0,1,0,0,0,Asia
Latvia,41.95,20.25,33.22,12.95,27.09,"1,979,000",0.4,"8,000",31,18.9,58.9,10.8,50.2,6.3,43.8,17.9,71.4,0,0,53.8,0,53.8,BB,1,0,0,0,0,0,Europe
Lebanon,55.39,29.32,50.98,58,48.42,"4,591,000",0.63,"28,700",99,12.1,37.6,6.9,32,5.4,37.5,10.7,42.9,0,0,35,-1,34,CCC,0,0,0,0,0,1,Middle East & North Africa
Lesotho,40.33,52.26,68.23,9.58,42.6,"2,135,000",0.67,"14,400",87,10.1,31.5,5.5,25.7,7.1,50,14.9,59.5,0,0,37.7,-1,36.7,CCC,0,0,0,1,0,0,Sub-Saharan Africa
Liberia,57.93,44.62,44.45,29.43,44.11,"4,503,000",0.64,"28,700",116,8.8,27.2,5.9,27.4,4.5,31.3,12.5,50,0,0,31.6,-1,30.6,CCC,0,0,0,1,0,0,Sub-Saharan Africa
Libya,77.85,22.99,81.44,53.21,58.87,"6,278,000",1.13,"70,900",0,no data,no data,no data,no data,no data,no data,no data,no data,no data,no data,no data,no data,no data,no data,0,0,0,0,0,1,Middle East & North Africa
Lithuania,35.09,20.58,34.1,16.94,26.68,"2,920,000",0.4,"11,800",37,19,59.3,11.7,54.8,3.6,25,18.5,73.8,0,0,52.8,-1,51.8,BB,1,0,0,0,0,0,Europe
Luxembourg,22.99,18.64,9.76,49.43,25.2,"562,000",0.02,100,101,10.7,33.1,6.8,31.7,9.8,68.8,6.5,26.2,0,0,33.8,0,33.8,CCC,1,0,0,0,0,0,Europe
Macedonia,49.81,24.38,44.06,24.11,35.59,"2,078,000",0.64,"13,300",24,22.6,70.4,12.9,60.2,8.9,62.5,10.7,42.9,0,0,55.2,0,55.2,BB,1,0,0,0,0,0,Europe
Madagascar,50.37,50.87,52.86,15.99,42.52,"24,235,000",0.67,"163,400",128,10.1,31.3,3.1,14.4,4.5,31.3,10.7,42.9,0,0,28.3,-1,27.3,CC,0,0,0,1,0,0,Sub-Saharan Africa
Malawi,54.63,56.74,47.78,21.06,45.05,"17,215,000",0.67,"116,100",136,10.4,32.2,4.5,21.1,1.8,12.5,9.5,38.1,0,0,26.2,-1,25.2,CC,0,0,0,1,0,0,Sub-Saharan Africa
Malaysia,34.9,32.43,46.39,40.33,38.51,"30,331,000",0.43,"128,800",90,11.7,36.5,11,51.5,4.5,31.3,8.9,35.7,0,0,36.2,-1,35.2,CCC,0,0,1,0,0,0,Asia
Mali,64.04,34.08,31.69,57.41,46.8,"17,600,000",0.63,"110,200",144,4.9,15.2,2.6,12,6.3,43.8,8.3,33.3,0,0,22,0,22,CC,0,0,0,1,0,0,Sub-Saharan Africa
Mauritania,65.96,40.54,49.85,30.74,46.77,"4,068,000",1.06,"43,000",133,8,25,6.9,32.4,1.8,12.5,10.1,40.5,0,0,26.9,-1,25.9,CC,0,0,0,1,0,0,Sub-Saharan Africa
Mauritius,29.24,24.49,26.58,1,20.33,"1,265,000",0.17,"2,100",113,11.1,34.4,5.9,27.4,2.7,18.8,11.3,45.2,0,0,30.9,0,30.9,CCC,0,0,0,1,0,0,Sub-Saharan Africa
Mexico,43.03,30.36,52.84,61.85,47.02,"127,017,000",0.3,"376,800",34,14.5,45,13.5,63.1,7.1,50,18.5,73.8,0,0,53.6,-1,52.6,BB,0,1,0,0,0,0,Americas
Moldova,47.52,28.2,38.04,14.41,32.04,"3,538,000",0.29,"10,400",36,17.9,55.6,12.3,57.6,7.1,50,16.1,64.3,0,0,53.4,-1,52.4,BB,0,0,0,0,1,0,Russia & Eurasia
Mongolia,39.22,36.74,40.87,3.54,30.09,"2,959,000",0.29,"8,700",112,8.9,27.8,6.8,31.7,4.5,31.3,11.9,47.6,0,0,32.1,-1,31.1,CCC,0,0,1,0,0,0,Asia
Montenegro,41.68,22.15,38.08,23.45,31.34,"622,000",0.4,"2,500",15,22.4,69.6,13,60.6,8,56.3,14.9,59.5,0,0,58.3,0,58.3,BB,1,0,0,0,0,0,Europe
Morocco,55.83,18.58,56.08,22.18,38.17,"34,378,000",0.64,"219,700",139,2.1,6.5,5.3,24.6,2.7,18.8,13.1,52.4,0,0,23.1,0,23.1,CC,0,0,0,0,0,1,Middle East & North Africa
Mozambique,39.91,48.46,54.4,35.86,44.65,"27,978,000",0.52,"145,600",69,17.3,53.9,10.8,50.6,1.8,12.5,11.9,47.6,0,0,41.8,-1,40.8,B,0,0,0,1,0,0,Sub-Saharan Africa
Myanmar,57.81,50.11,50.53,66.99,56.36,"53,897,000",0.96,"515,100",102,13.2,41.1,1.9,8.9,7.1,50,12.5,50,0,0,34.8,-1,33.8,CCC,0,0,1,0,0,0,Asia
Namibia,39,43.68,51.42,18.27,38.09,"2,459,000",0.67,"16,600",110,9,28.1,4.7,22,4.5,31.3,13.1,52.4,0,0,31.3,0,31.3,CCC,0,0,0,1,0,0,Sub-Saharan Africa
Nepal,42.3,43.22,34.74,41.21,40.37,"28,514,000",0.82,"234,600",54,13.8,42.8,8.2,38.1,10.7,75,15.5,61.9,0,0,48.1,-1,47.1,B,0,0,1,0,0,0,Asia
Netherlands,17.6,17.86,21.64,28.58,21.42,"16,896,000",0.1,"17,500",1,24,74.6,16.9,79.1,12.5,87.5,25,100,0,0,78.4,0,78.4,A,1,0,0,0,0,0,Europe
New Zealand,13.31,22.24,16.09,21.51,18.29,"4,552,000",0.02,800,21,17.3,53.7,10.3,48,6.3,43.8,22,88.1,0,0,55.8,0,55.8,BB,0,0,1,0,0,0,Asia
Nicaragua,43.53,31.92,39.79,23.67,34.73,"6,082,000",0.4,"24,600",41,14.2,44.1,14.2,66.1,8,56.3,13.1,52.4,0,0,49.5,0,49.5,B,0,1,0,0,0,0,Americas
Niger,57.7,48.17,42.13,40.38,47.1,"19,899,000",0.64,"127,000",141,4,12.4,6.3,29.3,3.6,25,10.1,40.5,0,0,23.9,-1,22.9,CC,0,0,0,1,0,0,Sub-Saharan Africa
Nigeria,60.94,47.84,59.76,80.84,62.34,"182,202,000",0.48,"875,500",51,16.3,50.7,12.8,59.6,7.1,50,11.3,45.2,0,0,47.5,0,47.5,B,0,0,0,1,0,0,Sub-Saharan Africa
North Korea,71.2,48.27,62.88,1,45.84,"25,155,000",4.37,"1,100,000",161,0,0,-3,-13.9,0,0,-1.8,-7.1,0,0,-4.8,-1,-5.8,D,0,0,1,0,0,0,Asia
Norway,17.88,19.9,14.85,34.9,21.88,"5,188,000",0.02,900,10,21.2,65.9,17.7,82.4,5.4,37.5,17.3,69,0,0,61.5,0,61.5,BBB,1,0,0,0,0,0,Europe
Oman,57.65,21.03,62.88,12.6,38.54,"4,491,000",0.29,"13,200",117,11.6,36.1,6.3,29.3,1.8,12.5,11.9,47.6,0,0,31.6,-1,30.6,CCC,0,0,0,0,0,1,Middle East & North Africa
Pakistan,58.4,41.98,52.7,96.79,62.47,"188,925,000",1.13,"2,134,900",78,9.2,28.5,7.9,37,3.6,25,19,76.2,0,0,39.7,-1,38.7,CCC,0,0,1,0,0,0,Asia
Panama,37.46,29.14,46.18,23.55,34.08,"3,929,000",0.4,"15,900",80,3.8,11.9,15.7,73.1,5.4,37.5,14.3,57.1,0,0,39.1,-1,38.1,CCC,0,1,0,0,0,0,Americas
Papua New Guinea,50.12,62.85,100,23.1,59.02,"7,619,000",0.62,"47,200",155,2.1,6.5,5.1,23.7,3.6,25,3.6,14.3,0,0,14.3,-1,13.3,C,0,0,1,0,0,0,Asia
Paraguay,46.02,21.22,38.92,26.14,33.07,"6,639,000",0.4,"26,800",56,11.5,35.9,11.9,55.6,5.4,37.5,19,76.2,0,0,47.9,-1,46.9,B,0,1,0,0,0,0,Americas
Peru,43.85,31.98,44.81,30.33,37.74,"31,377,000",0.64,"200,500",62,15.4,47.8,6.1,28.3,8.9,62.5,15.5,61.9,0,0,45.8,-1,44.8,B,0,1,0,0,0,0,Americas
Philippines,44.76,39.62,52.34,53.95,47.67,"100,699,000",0.4,"401,000",29,14.9,46.5,13.5,62.8,7.1,50,19.6,78.6,0,0,55.2,-1,54.2,BB,0,0,1,0,0,0,Asia
Poland,34.76,19.5,29.07,23.33,26.66,"38,025,000",0.48,"181,100",30,14.8,46.1,10.3,48,9.8,68.8,19,76.2,0,0,54,0,54,BB,1,0,0,0,0,0,Europe
Portugal,21.5,22.62,16.06,16.89,19.27,"10,384,000",0.12,"12,800",6,18.8,58.5,15.8,73.5,9.8,68.8,20.8,83.3,0,0,65.2,0,65.2,BBB,1,0,0,0,0,0,Europe
Qatar,48.79,15.26,50.5,12.3,31.71,"2,235,000",1.36,"30,300",83,16.8,52.4,9.5,44.3,3.6,25,8.9,35.7,0,0,38.8,-1,37.8,CCC,0,0,0,0,0,1,Middle East & North Africa
Republic of the Congo,65.17,44.69,52.43,28.94,47.81,"4,620,000",0.64,"29,500",142,7.1,22.2,1.9,8.9,5.4,37.5,8.9,35.7,0,0,23.3,-1,22.3,CC,0,0,0,1,0,0,Sub-Saharan Africa
Romania,39.26,25.86,31.83,18.74,28.92,"19,849,000",0.4,"80,200",72,12.1,37.6,7.9,36.9,8,56.3,12.5,50,0,0,40.5,0,40.5,B,1,0,0,0,0,0,Europe
Russia,57.21,18.47,40.66,57.47,43.45,"143,335,000",0.73,"1,048,500",126,6.9,21.5,6.1,28.3,1.8,12.5,15.5,61.9,0,0,30.2,-2,28.2,CC,0,0,0,0,1,0,Russia & Eurasia
Rwanda,55.44,47.65,46.23,42,47.83,"11,610,000",0.64,"74,100",86,9.9,30.9,9.7,45.2,4.5,31.3,13.7,54.8,0,0,37.8,-1,36.8,CCC,0,0,0,1,0,0,Sub-Saharan Africa
Saudi Arabia,64.94,30.92,37.2,28.84,40.47,"31,540,000",0.29,"92,100",123,9.2,28.7,7.4,34.4,3.6,25,9.5,38.1,0,0,29.7,-1,28.7,CC,0,0,0,0,0,1,Middle East & North Africa
Senegal,44.97,42.31,36.96,35.48,39.93,"15,129,000",0.52,"78,700",74,16,49.6,7,32.6,3.6,25,13.7,54.8,0,0,40.2,0,40.2,B,0,0,0,1,0,0,Sub-Saharan Africa
Serbia,47.8,21.75,30.24,27.05,31.71,"7,087,000",0.4,"28,700",27,19.8,61.7,16.4,76.7,4.5,31.3,13.7,54.8,0,0,54.4,0,54.4,BB,1,0,0,0,0,0,Europe
Sierra Leone,50.57,53.29,41.72,17.7,40.82,"6,453,000",0.67,"43,500",64,14.3,44.4,9.8,45.6,6.3,43.8,13.7,54.8,0,0,44,-1,43,B,0,0,0,1,0,0,Sub-Saharan Africa
Singapore,29.85,22.11,20.58,1,18.39,"5,563,000",0.17,"9,200",129,11.6,36.1,4.8,22.4,0,0,10.7,42.9,0,0,27.1,0,27.1,CC,0,0,1,0,0,0,Asia
Slovakia,32.47,20.94,31.6,16.42,25.36,"5,426,000",0.23,"12,400",50,18.6,58,9.1,42.4,4.5,31.3,15.5,61.9,0,0,47.7,0,47.7,B,1,0,0,0,0,0,Europe
Slovenia,21.82,22.08,28.5,13.72,21.53,"2,066,000",0.23,"4,700",26,16.7,52,11,51.3,8,56.3,19,76.2,0,0,54.8,0,54.8,BB,1,0,0,0,0,0,Europe
Somalia,73.03,64.82,55.97,74.46,67.07,"10,787,000",1.13,"121,900",0,no data,no data,no data,no data,no data,no data,no data,no data,no data,no data,no data,no data,no data,no data,0,0,0,1,0,0,Sub-Saharan Africa
South Africa,40.27,43.06,58.3,41.84,45.87,"54,954,000",0.45,"248,700",63,12.5,38.9,11.9,55.7,4.5,31.3,16.1,64.3,0,0,45,-1,44,B,0,0,0,1,0,0,Sub-Saharan Africa
South Korea,38.2,34.64,28.98,17.32,29.78,"50,672,000",0.4,"204,900",124,11.5,35.9,6.8,31.9,1.8,12.5,8.3,33.3,0,0,28.5,0,28.5,CC,0,0,1,0,0,0,Asia
South Sudan,74.73,50.7,60.8,76.15,65.59,"12,340,000",1.13,"139,400",152,6.5,20.4,0.3,1.5,2.7,18.8,7.1,28.6,0,0,16.7,-1,15.7,C,0,0,0,1,0,0,Sub-Saharan Africa
Spain,25.14,23.19,18.65,29.67,24.16,"46,513,000",0.02,"8,400",8,24.8,77,13.7,64.1,7.1,50,18.5,73.8,0,0,64.1,0,64.1,BBB,1,0,0,0,0,0,Europe
Sri Lanka,47.01,35.12,31.82,31.08,36.26,"20,781,000",0.22,"45,900",67,8.3,25.9,8.3,38.5,5.4,37.5,20.8,83.3,0,0,42.8,-1,41.8,B,0,0,1,0,0,0,Asia
Sudan,80.64,54.12,46.18,85.04,66.49,"40,235,000",1.13,"454,700",145,7.7,24.1,5.9,27.4,0.9,6.3,8.3,33.3,0,0,22.8,-1,21.8,CC,0,0,0,1,0,0,Sub-Saharan Africa
Suriname,36.66,12.35,67,38.67,38.67,"543,000",0.45,"2,500",135,6.6,20.6,4.2,19.4,4.5,31.3,10.1,40.5,0,0,25.4,0,25.4,CC,0,1,0,0,0,0,Americas
Swaziland,57.69,53.88,67.33,15.39,48.57,"1,287,000",0.67,"8,700",118,11.7,36.3,4.7,22,5.4,37.5,10.7,42.9,0,0,32.5,-2,30.5,CCC,0,0,0,1,0,0,Sub-Saharan Africa
Sweden,21.39,19.7,10.84,38.6,22.63,"9,754,000",0.02,"1,800",4,23.2,72.2,13.5,63,10.7,75,18.5,73.8,0,0,65.9,0,65.9,BBB,1,0,0,0,0,0,Europe
Switzerland,16.93,16.6,13.69,30.98,19.55,"8,267,000",0.02,"1,500",23,19.3,60.2,13.9,64.8,3.6,25,18.5,73.8,0,0,55.3,0,55.3,BB,1,0,0,0,0,0,Europe
Syria,95.67,35.93,60.97,72.98,66.39,"22,769,000",1.13,"257,300",0,no data,no data,no data,no data,no data,no data,no data,no data,no data,no data,no data,no data,no data,no data,0,0,0,0,0,1,Middle East & North Africa
Taiwan,34.91,33.38,22.34,1.76,23.1,"23,476,640",0.23,"53,600",76,16.8,50.6,5.1,23.6,6.5,43.8,11.1,42.9,0,0,39.5,0,39.5,CCC,0,0,1,0,0,0,Asia
Tajikistan,62.85,37.62,41.68,27.53,42.42,"8,482,000",0.64,"54,100",88,13.5,42,7.4,34.4,3.6,25,13.7,54.8,0,0,38.1,-2,36.1,CCC,0,0,0,0,1,0,Russia & Eurasia
Tanzania,51.66,54.67,47.66,40.46,48.61,"53,470,000",0.64,"341,400",120,8.7,27,5.7,26.5,3.6,25,11.9,47.6,0,0,29.8,-1,28.8,CC,0,0,0,1,0,0,Sub-Saharan Africa
Thailand,49.23,28.62,48.97,63.33,47.54,"67,959,000",0.63,"425,500",68,11.3,35.2,7.7,35.9,8,56.3,15.5,61.9,0,0,42.5,-1,41.5,B,0,0,1,0,0,0,Asia
Timor-Leste,38.88,48.07,68.55,1,39.13,"1,235,000",0.29,"3,500",140,8.3,25.9,5.6,25.9,0,0,10.1,40.5,0,0,24,-1,23,CC,0,0,1,0,0,0,Asia
Togo,64.78,39.82,47.78,24.09,44.12,"7,305,000",0.64,"46,600",151,8.5,26.5,1,4.6,4.5,31.3,4.8,19,0,0,18.7,0,18.7,C,0,0,0,1,0,0,Sub-Saharan Africa
Trinidad and Tobago,35.88,14.4,67,16.26,33.38,"1,360,000",0.45,"6,200",75,10,31.1,9.6,44.6,4.5,31.3,16.7,66.7,0,0,40.7,-1,39.7,CCC,0,1,0,0,0,0,Americas
Tunisia,40.01,25.97,42.84,28.91,34.43,"11,102,000",0.77,"85,000",95,11.6,36.1,4.8,22.2,2.7,18.8,15.5,61.9,0,0,34.5,0,34.5,CCC,0,0,0,0,0,1,Middle East & North Africa
Turkey,45.47,29.38,44.11,57.55,44.13,"76,721,000",0.63,"480,300",55,18.5,57.4,10.2,47.4,5.4,37.5,13.1,52.4,0,0,47.1,0,47.1,B,1,0,0,0,0,0,Europe
Turkmenistan,68.14,28.65,43.34,9.22,37.34,"5,374,000",0.29,"15,800",132,4.8,14.8,7.7,35.7,1.8,12.5,13.7,54.8,0,0,27.9,-2,25.9,CC,0,0,0,0,1,0,Russia & Eurasia
Uganda,54.89,52.18,39.45,48.73,48.81,"39,032,000",0.63,"244,400",52,16.4,50.9,10.8,50.2,5.4,37.5,14.9,59.5,0,0,47.4,0,47.4,B,0,0,0,1,0,0,Sub-Saharan Africa
Ukraine,61.97,21.39,35.8,43.41,40.64,"45,064,000",0.47,"210,400",57,19.9,62,10.2,47.8,1.8,12.5,15.5,61.9,0,0,47.4,-1,46.4,B,0,0,0,0,1,0,Russia & Eurasia
United Arab Emirates,41.71,22.64,30.75,18.36,28.37,"9,157,000",0.4,"37,000",40,20.5,63.9,7.9,36.7,8,56.3,14.3,57.1,0,0,50.7,-1,49.7,B,0,0,0,0,0,1,Middle East & North Africa
United Kingdom,18.45,20.37,21.83,46.5,26.79,"64,856,000",0.02,"11,700",3,24,74.6,16.9,79.1,6.3,43.8,17.3,69,2.7,37.5,67.1,0,67.1,BBB,1,0,0,0,0,0,Europe
United States,20.42,23.51,20.96,45.1,27.5,"320,821,000",0.02,"57,700",2,31,96.3,17.1,79.6,9.8,68.8,19.6,78.6,5.4,75,82.8,0,82.8,BBB*,0,1,0,0,0,0,Americas
Uruguay,26.65,20.69,28.36,13.89,22.4,"3,432,000",0.23,"7,800",47,13,40.6,9.4,43.7,6.3,43.8,19.6,78.6,0,0,48.3,0,48.3,B,0,1,0,0,0,0,Americas
Uzbekistan,74.62,28.35,32.09,12.14,36.8,"31,125,000",3.97,"1,236,600",130,7.8,24.3,5.1,23.7,2.7,18.8,13.1,52.4,0,0,28.7,-2,26.7,CC,0,0,0,0,1,0,Russia & Eurasia
Venezuela,58.82,27.75,55.42,35.94,44.48,"31,108,000",0.64,"198,800",122,8,25,8.8,40.9,1.8,12.5,10.1,40.5,0,0,28.7,0,28.7,CC,0,1,0,0,0,0,Americas
Vietnam,51.19,29.94,35.22,1,29.34,"91,519,000",0.15,"139,300",60,14.5,45.2,7.3,34.1,8.9,62.5,16.7,66.7,0,0,47.4,-2,45.4,B,0,0,1,0,0,0,Asia
Yemen,75.01,51.3,54.67,62.28,60.81,"26,832,000",1.13,"303,200",0,no data,no data,no data,no data,no data,no data,no data,no data,no data,no data,no data,no data,no data,no data,0,0,0,0,0,1,Middle East & North Africa
Zambia,45.1,58.76,50.03,24.46,44.59,"16,212,000",0.67,"109,300",105,10.9,33.9,6.4,29.8,6.3,43.8,9.5,38.1,0,0,33.1,0,33.1,CCC,0,0,0,1,0,0,Sub-Saharan Africa
Zimbabwe,60.28,52.25,48.92,26.78,47.06,"15,603,000",0.64,"99,600",147,4.9,15.4,4.4,20.6,1.8,12.5,10.7,42.9,0,0,21.8,-1,20.8,CC,0,0,0,1,0,0,Sub-Saharan Africa
